{
  "ave_calorie" : 1659.6666666666665,
  "ave_protein" : 53.266666666666666,
  "ave_lipid" : 49.86666666666667,
  "ave_carbohydrate" : 241.66666666666666,
  "ave_salt" : 10.2,
  "ave_red" : 2.8333333333333335,
  "ave_green" : 0.7333333333333333,
  "ave_yellow" : 16.733333333333334,
  "start" : 20190819,
  "today" : 20190822
}
