{
  "ave_calorie" : 1985.9999999999998,
  "ave_protein" : 64.03333333333333,
  "ave_lipid" : 60.46666666666667,
  "ave_carbohydrate" : 289.5,
  "ave_salt" : 12.133333333333333,
  "ave_red" : 3.2666666666666666,
  "ave_green" : 1.1333333333333333,
  "ave_yellow" : 19.700000000000003,
  "start" : 20190819,
  "today" : 20190822
}
