{
  "fat" : 0.0,
  "slim" : 0.03381132075471698,
  "sleepy" : 0.14285714285714285,
  "good" : 0.935,
  "bad" : 0.09999999999999987
}
