{
  "fat" : 0.0,
  "slim" : 0.004830188679245283,
  "sleepy" : 0.0,
  "good" : 0.935,
  "bad" : 0.09999999999999987
}
