{"fat":0.0,"slim":0.004545454545454546,"sleepy":0.2857142857142857,"good":0.6575252525252524,"bad":0.3555555555555556}
