{
  "fat" : 0.0,
  "slim" : 0.03862295081967213,
  "sleepy" : 0.14285714285714285,
  "good" : 1.0,
  "bad" : 0.0
}
