{
  "fat" : 0.0,
  "slim" : 0.03381132075471698,
  "sleepy" : 0.0,
  "good" : 0.899375,
  "bad" : 0.0
}
